{"assets/.DS_Store":["assets/.DS_Store"],"assets/app_icon.ico":["assets/app_icon.ico"],"assets/dmg_background.png":["assets/dmg_background.png"],"assets/dmg_background.tiff":["assets/dmg_background.tiff"],"assets/dmg_background_small.jpeg":["assets/dmg_background_small.jpeg"],"assets/dmg_background_small.png":["assets/dmg_background_small.png"],"assets/logo.jpg":["assets/logo.jpg"],"assets/shortIntro.mov":["assets/shortIntro.mov"],"assets/shortOutro.mov":["assets/shortOutro.mov"],"fonts/Montserrat-Bold.ttf":["fonts/Montserrat-Bold.ttf"],"fonts/Montserrat-Medium.ttf":["fonts/Montserrat-Medium.ttf"],"fonts/Montserrat-Regular.ttf":["fonts/Montserrat-Regular.ttf"],"fonts/Montserrat-SemiBold.ttf":["fonts/Montserrat-SemiBold.ttf"],"packages/font_awesome_flutter/lib/fonts/fa-brands-400.ttf":["packages/font_awesome_flutter/lib/fonts/fa-brands-400.ttf"],"packages/font_awesome_flutter/lib/fonts/fa-regular-400.ttf":["packages/font_awesome_flutter/lib/fonts/fa-regular-400.ttf"],"packages/font_awesome_flutter/lib/fonts/fa-solid-900.ttf":["packages/font_awesome_flutter/lib/fonts/fa-solid-900.ttf"],"packages/window_manager/images/ic_chrome_close.png":["packages/window_manager/images/ic_chrome_close.png"],"packages/window_manager/images/ic_chrome_maximize.png":["packages/window_manager/images/ic_chrome_maximize.png"],"packages/window_manager/images/ic_chrome_minimize.png":["packages/window_manager/images/ic_chrome_minimize.png"],"packages/window_manager/images/ic_chrome_unmaximize.png":["packages/window_manager/images/ic_chrome_unmaximize.png"]}